Teams,Seasons,Players,Matches,Goals,Assists,Seasons Ratings
InterMiami,2024,Lionel Messi,15,14,11,8.5
InterMiami,2023,Lionel Messi,14,11,5,8
PSG,2022/2023,Lionel Messi,41,21,20,8.1
PSG,2021/2022,Lionel Messi,34,11,14,7.9
Barcelona,2020/2021,Lionel Messi,47,38,12,8.4
Barcelona,2019/2020,Lionel Messi,44,31,25,8.3
Barcelona,2018/2019,Lionel Messi,50,51,19,8.5
Barcelona,2017/2018,Lionel Messi,54,45,18,8.4
Barcelona,2016/2017,Lionel Messi,52,54,16,8.4
AL Nassr,2023/2024,Cristiano Ronaldo,51,50,13,8.1
AL Nassr,2022/2023,Cristiano Ronaldo,19,14,2,7.7
Man United,2021/2022,Cristiano Ronaldo,16,3,2,7
Man United,2020/2021,Cristiano Ronaldo,38,24,3,7.5
Juventus,2019/2020,Cristiano Ronaldo,1,0,0,6.7
Juventus,2018/2019,Cristiano Ronaldo,44,36,5,7.9
Juventus,2017/2018,Cristiano Ronaldo,43,28,10,7.9
Real Madrid,2016/2017,Cristiano Ronaldo,46,42,11,7.9
Real Madrid,2015/2016,Cristiano Ronaldo,48,51,15,8.6
AL Hilal,2023/2024,Neymar,5,1,2,7.5
PSG,2022/2023,Neymar,29,18,16,8
PSG,2021/2022,Neymar,28,13,8,7.8
PSG,2020/2021,Neymar,31,17,7,7.7
PSG,2019/2020,Neymar,27,19,11,8.3
PSG,2018/2019,Neymar,28,23,10,8.4
PSG,2017/2018,Neymar,30,28,16,8.9
Barcelona,2016/2017,Neymar,45,20,21,8.4
Barcelona,2015/2016,Neymar,49,31,20,8.6
PSG,2023/2024,Kylian Mbappe,48,44,10,8
PSG,2022/2023,Kylian Mbappe,43,41,9,7.9
PSG,2021/2022,Kylian Mbappe,46,39,21,8.2
PSG,2020/2021,Kylian Mbappe,47,42,11,7.9
PSG,2019/2020,Kylian Mbappe,37,30,14,7.9
PSG,2018/2019,Kylian Mbappe,43,39,13,8.1
PSG,2017/2018,Kylian Mbappe,44,21,13,7.6
Monaco,2016/2017,Kylian Mbappe,2,0,0,7.6
Monaco,2015/2016,Kylian Mbappe,44,26,8,7.5
Liverpool,2023/2024,Mohamed Salah,44,25,13,7.5
Liverpool,2022/2023,Mohamed Salah,51,30,16,7.5
Liverpool,2021/2022,Mohamed Salah,51,31,15,7.6
Liverpool,2020/2021,Mohamed Salah,51,31,6,7.3
Liverpool,2019/2020,Mohamed Salah,48,23,13,7.4
Liverpool,2018/2019,Mohamed Salah,52,27,10,7.2
Liverpool,2017/2018,Mohamed Salah,52,44,14,7.8
Roma,2016/2017,Mohamed Salah,41,19,12,7.5
Roma,2015/2016,Mohamed Salah,42,15,6,7
AL Ittihad,2023/2024,Kamir Benzema,33,16,9,7.4
Real Madrid,2022/2023,Kamir Benzema,43,31,6,7.8
Real Madrid,2021/2022,Kamir Benzema,46,44,15,8.1
Real Madrid,2020/2021,Kamir Benzema,46,30,9,7.7
Real Madrid,2019/2020,Kamir Benzema,48,27,11,7.5
Real Madrid,2018/2019,Kamir Benzema,53,30,10,7.4
Real Madrid,2017/2018,Kamir Benzema,47,12,11,7.1
Real Madrid,2016/2017,Kamir Benzema,48,19,7,7.2
Real Madrid,2015/2016,Kamir Benzema,36,28,7,6.5
Real Madrid,2023/2024,Vinicius Junior,39,24,9,7.6
Real Madrid,2022/2023,Vinicius Junior,55,23,19,7.8
Real Madrid,2021/2022,Vinicius Junior,52,22,16,7.7
Real Madrid,2020/2021,Vinicius Junior,49,6,4,6.9
Real Madrid,2019/2020,Vinicius Junior,38,5,3,6.7
Real Madrid,2018/2019,Vinicius Junior,31,4,8,6.9
Real Madrid Castilla,2017/2018,Vinicius Junior,5,4,0,8.8
Flamengo,2016/2017,Vinicius Junior,32,10,3,7.3
Flamengo,2015/2016,Vinicius Junior,37,4,1,6.3
Juventus,2023/2024,Paul Pogba,2,0,0,6.6
Juventus,2022/2023,Paul Pogba,10,0,1,6.5
Man United,2021/2022,Paul Pogba,27,1,9,7
Man United,2020/2021,Paul Pogba,42,6,6,7.1
Man United,2019/2020,Paul Pogba,22,1,3,7.1
Man United,2018/2019,Paul Pogba,47,16,11,7.3
Man United,2017/2018,Paul Pogba,37,6,12,7.6
Man United,2016/2017,Paul Pogba,51,9,6,7.8
Juventus,2015/2016,Paul Pogba,49,10,15,7.3
Atletico Madrid,2023/2024,Antoine Griezmann,48,24,8,7.6
Atletico Madrid,2022/2023,Antoine Griezmann,48,16,18,7.8
Atletico Madrid,2021/2022,Antoine Griezmann,36,8,6,7
Barcelona,2020/2021,Antoine Griezmann,3,0,0,7
Barcelona,2019/2020,Antoine Griezmann,51,20,12,7.5
Barcelona,2018/2019,Antoine Griezmann,48,15,4,7.1
Atletico Madrid,2017/2018,Antoine Griezmann,48,21,11,7.4
Atletico Madrid,2016/2017,Antoine Griezmann,49,29,13,7.5
Atletico Madrid,2015/2016,Antoine Griezmann,54,32,6,7.5
Barcelona,2023/2024,Ilkay Gundogan,51,5,14,7.6
Man City,2022/2023,Ilkay Gundogan,51,11,6,7.5
Man City,2021/2022,Ilkay Gundogan,43,10,7,7.5
Man City,2020/2021,Ilkay Gundogan,46,17,4,7.6
Man City,2019/2020,Ilkay Gundogan,50,5,4,7.1
Man City,2018/2019,Ilkay Gundogan,50,6,8,7.3
Man City,2017/2018,Ilkay Gundogan,48,6,7,7.1
Man City,2016/2017,Ilkay Gundogan,16,5,1,7.5
Dortmund,2015/2016,Ilkay Gundogan,40,3,5,7.2
Bayern Munchen,2023/2024,Harry Kane,45,44,12,7.9
Tottenham,2022/2023,Harry Kane,49,32,5,7.5
Tottenham,2021/2022,Harry Kane,50,27,10,7.5
Tottenham,2020/2021,Harry Kane,49,33,17,7.6
Tottenham,2019/2020,Harry Kane,34,24,2,7.3
Tottenham,2018/2019,Harry Kane,40,24,6,7.3
Tottenham,2017/2018,Harry Kane,48,41,4,7.6
Tottenham,2016/2017,Harry Kane,38,35,7,7.7
Tottenham,2015/2016,Harry Kane,50,28,2,7.6
Bayern Munchen,2023/2024,Thomas Muller,41,7,10,7.2
Bayern Munchen,2022/2023,Thomas Muller,40,8,11,7.2
Bayern Munchen,2021/2022,Thomas Muller,45,13,22,7.5
Bayern Munchen,2020/2021,Thomas Muller,46,15,19,7.6
Bayern Munchen,2019/2020,Thomas Muller,50,14,25,7.5
Bayern Munchen,2018/2019,Thomas Muller,45,9,12,7.2
Bayern Munchen,2017/2018,Thomas Muller,45,9,15,7.3
Bayern Munchen,2016/2017,Thomas Muller,42,9,15,7
Bayern Munchen,2015/2016,Thomas Muller,49,32,10,7.4
Barcelona,2023/2024,Robert Lewandowski,49,26,9,7.4
Barcelona,2022/2023,Robert Lewandowski,46,33,8,7.6
Bayern Munchen,2021/2022,Robert Lewandowski,46,50,6,8
Bayern Munchen,2020/2021,Robert Lewandowski,40,48,9,8.1
Bayern Munchen,2019/2020,Robert Lewandowski,47,55,9,8.2
Bayern Munchen,2018/2019,Robert Lewandowski,47,40,9,7.6
Bayern Munchen,2017/2018,Robert Lewandowski,48,41,4,7.5
Bayern Munchen,2016/2017,Robert Lewandowski,47,43,8,7.6
Bayern Munchen,2015/2016,Robert Lewandowski,51,42,4,7.3
Benfica,2023/2024,Angel Di Maria,48,17,13,7.8
Juventus,2022/2023,Angel Di Maria,40,8,7,7
PSG,2021/2022,Angel Di Maria,31,5,8,7.4
PSG,2020/2021,Angel Di Maria,43,5,15,7.3
PSG,2019/2020,Angel Di Maria,41,13,22,7.8
PSG,2018/2019,Angel Di Maria,45,19,16,7.5
PSG,2017/2018,Angel Di Maria,45,21,9,7.4
PSG,2016/2017,Angel Di Maria,43,14,15,7.3
PSG,2015/2016,Angel Di Maria,47,15,22,7.4
Tottenham,2023/2024,Heung Min Son,36,17,10,7.5
Tottenham,2022/2023,Heung Min Son,47,14,6,7.1
Tottenham,2021/2022,Heung Min Son,45,24,8,7.6
Tottenham,2020/2021,Heung Min Son,51,22,15,7.3
Tottenham,2019/2020,Heung Min Son,41,18,11,7.2
Tottenham,2018/2019,Heung Min Son,48,20,19,7
Tottenham,2017/2018,Heung Min Son,53,18,11,7.1
Tottenham,2016/2017,Heung Min Son,47,21,7,7.2
Tottenham,2015/2016,Heung Min Son,40,8,6,7.3
Chelsea,2023/2024,Raheem Sterling,43,10,8,7
Chelsea,2022/2023,Raheem Sterling,38,9,4,6.9
Man City,2021/2022,Raheem Sterling,47,17,8,7.3
Man City,2020/2021,Raheem Sterling,49,14,10,7.1
Man City,2019/2020,Raheem Sterling,52,31,5,7.4
Man City,2018/2019,Raheem Sterling,51,25,15,7.6
Man City,2017/2018,Raheem Sterling,46,23,13,7.7
Man City,2016/2017,Raheem Sterling,47,10,15,7.2
Man City,2015/2016,Raheem Sterling,47,11,8,7.1
Al Ahli,2023/2024,Riyad Mahrez,33,12,13,7.8
Man City,2022/2023,Riyad Mahrez,47,15,13,7.4
Man City,2021/2022,Riyad Mahrez,47,24,9,7.6
Man City,2020/2021,Riyad Mahrez,48,14,9,7.4
Man City,2019/2020,Riyad Mahrez,50,13,13,7.3
Man City,2018/2019,Riyad Mahrez,44,12,12,7.2
Leicester,2017/2018,Riyad Mahrez,41,13,12,7.3
Leicester,2016/2017,Riyad Mahrez,48,10,6,7.1
Leicester,2015/2016,Riyad Mahrez,39,18,11,7.3
AL Nassr,2023/2024,Sadio Mane,50,19,11,7.7
Bayern Munchen,2022/2023,Sadio Mane,38,12,6,7.2
Liverpool,2021/2022,Sadio Mane,51,23,2,7.4
Liverpool,2020/2021,Sadio Mane,48,16,8,7.3
Liverpool,2019/2020,Sadio Mane,47,22,9,7.5
Liverpool,2018/2019,Sadio Mane,50,26,2,7.4
Liverpool,2017/2017,Sadio Mane,44,20,9,7.7
Liverpool,2016/2017,Sadio Mane,29,13,7,7.6
Liverpool,2015/2016,Sadio Mane,43,15,6,7.3
Atletico Madrid,2023/2024,Alvaro Morata,48,21,4,7
Atletico Madrid,2022/2023,Alvaro Morata,45,15,3,7
Juventus,2021/2022,Alvaro Morata,48,12,7,7.1
Juventus,2020/2021,Alvaro Morata,44,20,11,7.2
Atletico Madrid,2019/2020,Alvaro Morata,44,16,4,6.8
Atletico Madrid,2018/2019,Alvaro Morata,17,6,1,7
Chelsea,2017/2018,Alvaro Morata,24,9,0,6.7
Chelsea,2016/2017,Alvaro Morata,48,15,6,6.8
Real Madrid,2015/2016,Alvaro Morata,43,20,5,7.2
Man City,2023/2024,Bernardo Silva,49,12,10,7.5
Man City,2022/2023,Bernardo Silva,55,7,6,7.1
Man City,2021/2022,Bernardo Silva,50,13,7,7.5
Man City,2020/2021,Bernardo Silva,45,5,9,7.1
Man City,2019/2020,Bernardo Silva,52,8,10,7.1
Man City,2018/2019,Bernardo Silva,51,13,13,7.5
Man City,2017/2018,Bernardo Silva,53,9,10,7.1
Monaco,2016/2017,Bernardo Silva,58,11,10,7.2
Monaco,2015/2016,Bernardo Silva,44,7,1,7.1
Man City,2023/2024,Erling Haaland,45,38,6,7.7
Man City,2022/2023,Erling Haaland,53,52,9,7.6
Dortmund,2021/2022,Erling Haaland,30,29,7,7.8
Dortmund,2020/2021,Erling Haaland,41,41,10,7.9
Dortmund,2019/2020,Erling Haaland,18,16,2,7.5
Salzburg,2018/2019,Erling Haaland,22,28,5,7.8
Salzburg,2017/2018,Erling Haaland,5,1,0,6.9
Molde,2016/2017,Erling Haaland,30,16,4,6.9
Molde,2015/2016,Erling Haaland,18,3,1,6.2
Roma,2023/2024,Romelu Lukaku,47,21,4,7.1
Inter ,2022/2023,Romelu Lukaku,37,14,7,7
Chelsea,2021/2022,Romelu Lukaku,44,15,0,6.9
Inter,2020/2021,Romelu Lukaku,44,30,11,7.6
Inter,2019/2020,Romelu Lukaku,51,34,6,7.2
Man United,2018/2019,Romelu Lukaku,45,15,3,6.7
Man United,2017/2018,Romelu Lukaku,51,27,9,7.3
Everton,2016/2017,Romelu Lukaku,39,26,7,7.4
Everton,2015/2016,Romelu Lukaku,46,25,6,5.1
Real Madrid,2023/2024,Luka Modric,46,2,7,7.1
Real Madrid,2022/2023,Luka Modric,52,6,6,7.2
Real Madrid,2021/2022,Luka Modric,45,3,12,7.3
Real Madrid,2020/2021,Luka Modric,48,6,6,7.4
Real Madrid,2019/2020,Luka Modric,40,5,7,7
Real Madrid,2018/2019,Luka Modric,46,4,8,7.2
Real Madrid,2017/2018,Luka Modric,43,2,8,7.3
Real Madrid,2016/2017,Luka Modric,41,1,3,7.4
Real Madrid,2015/2016,Luka Modric,44,3,5,6.9
Sevilla,2023/2024,Sergio Ramos,37,7,1,7.2
PSG,2022/2023,Sergio Ramos,45,4,1,7.2
PSG,2021/2022,Sergio Ramos,13,2,0,7.1
Real Madrid,2020/2021,Sergio Ramos,21,4,1,7.3
Real Madrid,2019/2020,Sergio Ramos,44,13,0,7.1
Real Madrid,2018/2019,Sergio Ramos,42,11,1,7.1
Real Madrid,2017/2018,Sergio Ramos,42,5,1,7.2
Real Madrid,2016/2017,Sergio Ramos,44,10,2,7.2
Real Madrid,2015/2016,Sergio Ramos,33,3,2,8.1
Bayern Munchen,2023/2024,Joshua Kimmich,43,2,9,7.5
Bayern Munchen,2022/2023,Joshua Kimmich,47,7,11,7.9
Bayern Munchen,2021/2022,Joshua Kimmich,39,3,11,7.9
Bayern Munchen,2020/2021,Joshua Kimmich,39,6,14,7.7
Bayern Munchen,2019/2020,Joshua Kimmich,51,7,15,7.5
Bayern Munchen,2018/2019,Joshua Kimmich,48,2,18,7.5
Bayern Munchen,2017/2018,Joshua Kimmich,47,6,15,7.4
Bayern Munchen,2016/2017,Joshua Kimmich,40,9,2,7.1
Bayern Munchen,2023/2024,Leroy Sane,42,10,12,7.6
Bayern Munchen,2022/2023,Leroy Sane,44,14,9,7.4
Bayern Munchen,2021/2022,Leroy Sane,45,14,14,7.5
Bayern Munchen,2020/2021,Leroy Sane,44,10,10,7
Man City,2019/2020,Leroy Sane,2,0,0,6.1
Man City,2018/2019,Leroy Sane,47,16,17,7.4
Man City,2017/2018,Leroy Sane,49,14,19,7.6
Man City,2016/2017,Leroy Sane,37,9,6,7.4
Real Madrid,2023/2024,Nacho Fernandez,45,0,1,6.8
Real Madrid,2022/2023,Nacho Fernandez,44,1,1,7
Real Madrid,2021/2022,Nacho Fernandez,42,3,0,7.1
Real Madrid,2020/2021,Nacho Fernandez,33,1,0,7
Real Madrid,2019/2020,Nacho Fernandez,10,2,0,6.9
Real Madrid,2018/2019,Nacho Fernandez,30,0,1,6.7
Real Madrid,2017/2018,Nacho Fernandez,42,4,0,7
Real Madrid,2016/2017,Nacho Fernandez,39,3,3,7
Real Madrid,2015/2016,Nacho Fernandez,22,1,0,6.7
Liverpool,2023/2024,Virgil van Dijk,48,4,2,7.3
Liverpool,2022/2023,Virgil van Dijk,41,3,1,7.1
Liverpool,2021/2022,Virgil van Dijk,51,3,1,7.5
Liverpool,2020/2021,Virgil van Dijk,8,1,0,6.3
Liverpool,2019/2020,Virgil van Dijk,50,5,2,7.2
Liverpool,2018/2019,Virgil van Dijk,50,6,4,7.4
Liverpool,2017/2018,Virgil van Dijk,22,1,0,7.1
Liverpool,2016/2017,Virgil van Dijk,12,0,0,7.2
Liverpool,2015/2016,Virgil van Dijk,30,4,0,7.6
Barcelona,2023/2024,Sergi Roberto,24,3,3,7
Barcelona,2022/2023,Sergi Roberto,33,4,3,6.9
Barcelona,2021/2022,Sergi Roberto,12,2,1,6.8
Barcelona,2020/2021,Sergi Roberto,20,1,2,7
Barcelona,2019/2020,Sergi Roberto,39,1,2,7
Barcelona,2018/2019,Sergi Roberto,44,1,7,7.1
Barcelona,2017/2018,Sergi Roberto,48,1,8,7.3
Barcelona,2016/2017,Sergi Roberto,47,1,6,7.1
Barcelona,2023/2024,Joao Cancelo,42,4,5,7.4
Bayern Munchen,2022/2023,Joao Cancelo,21,1,6,7.5
Man City,2021/2022,Joao Cancelo,26,2,4,7.2
Man City,2020/2021,Joao Cancelo,52,3,10,7.7
Man City,2019/2020,Joao Cancelo,43,3,5,7.4
Juventus,2018/2019,Joao Cancelo,34,1,5,7.4
Inter,2017/2018,Joao Cancelo,28,1,3,7.2
Valencia,2016/2017,Joao Cancelo,1,0,0,7.7
Al Ahli,2023/2024,Roberto Firmino,34,9,7,7.4
Liverpool,2022/2023,Roberto Firmino,35,13,5,7.1
Liverpool,2021/2022,Roberto Firmino,35,11,5,7.2
Liverpool,2020/2021,Roberto Firmino,48,9,9,7
Liverpool,2019/2020,Roberto Firmino,52,12,12,7.1
Liverpool,2018/2019,Roberto Firmino,48,16,7,7
Liverpool,2017/2018,Roberto Firmino,54,27,16,7.2
Liverpool,2016/2017,Roberto Firmino,41,12,8,7.5
Liverpool,2015/2016,Roberto Firmino,49,11,9,6
Arsenal,2023/2024,Kai Havertz,51,14,7,7.1
Chelsea,2022/2023,Kai Havertz,47,9,1,6.9
Chelsea,2021/2022,Kai Havertz,47,14,5,7.1
Chelsea,2020/2021,Kai Havertz,45,9,6,6.9
Leverkusen,2019/2020,Kai Havertz,45,18,9,7.1
Leverkusen,2018/2019,Kai Havertz,42,20,6,7.4
Leverkusen,2017/2018,Kai Havertz,35,4,8,7
Leverkusen,2016/2017,Kai Havertz,28,4,5,6.7
Atletico Madrid,2023/2024,Koke,50,0,6,7.2
Atletico Madrid,2022/2023,Koke,42,0,3,7.1
Atletico Madrid,2021/2022,koke,43,1,3,7
Atletico Madrid,2020/2021,Koke,45,1,2,7.1
Atletico Madrid,2019/2020,Koke,42,5,6,7.1
Atletico Madrid,2018/2019,Koke,41,6,5,7.3
Atletico Madrid,2017/2018,koke,51,6,7,7.1
Atletico Madrid,2016/2017,Koke,54,5,10,7.3
Atletico Madrid,2015/2016,Koke,51,5,15,6.8
Atletico Madrid,2023/2024,Jose Gimenez,33,0,1,6.8
Atletico Madrid,2022/2023,Jose Gimenez,36,2,1,7.2
Atletico Madrid,2021/2022,Jose Gimenez,33,1,1,7
Atletico Madrid,2020/2021,Jose Gimenez,26,1,0,6.9
Atletico Madrid,2019/2020,Jose Gimenez,27,0,1,6.8
Atletico Madrid,2018/2019,Jose Gimenez,29,2,0,7.1
Atletico Madrid,2017/2018,Jose Gimenez,38,2,2,7.1
Atletico Madrid,2016/2017,Jose Gimenez,29,1,1,7.5
Chelsea,2023/2024,Christopher Nkunku,14,3,0,6.6
RB Leipzig,2022/2023,Christopher Nkunku,36,23,7,6.6
RB Leipzig,2021/2022,Christopher Nkunku,52,35,16,7.8
RB Leipzig,2020/2021,Christopher Nkunku,40,7,9,7.3
RB Leipzig,2019/2020,Christopher Nkunku,44,5,13,7.1
PSG,2018/2019,Christopher Nkunku,29,4,2,7.2
PSG,2017/2018,Christopher Nkunku,27,5,0,6.6
PSG,2016/2017,Christopher Nkunku,16,2,1,6.3
Liverpool,2023/2024,Andrew Robertson,30,3,2,7.4
Liverpool,2022/2023,Andrew Robertson,43,0,11,7
Liverpool,2021/2022,Andrew Robertson,47,3,15,7.6
Liverpool,2020/2021,Andrew Robertson,50,1,7,7.1
Liverpool,2019/2020,Andrew Robertson,49,3,12,7.3
Liverpool,2018/2019,Andrew Robertson,48,0,13,7.3
Liverpool,2017/2018,Andrew Robertson,30,1,5,7.1
Hull,2016/2017,Andrew Robertson,39,1,3,7
Liverpool,2023/2024,Trent Alexander-Arnold,37,3,9,7.6
Liverpool,2022/2023,Trent Alexander-Arnold,47,4,10,7.4
Liverpool,2021/2022,Trent Alexander-Arnold,47,2,18,7.9
Liverpool,2020/2021,Trent Alexander-Arnold,45,2,9,7.3
Liverpool,2019/2020,Trent Alexander-Arnold,49,4,15,7.3
Liverpool,2018/2019,Trent Alexander-Arnold,40,1,15,7.5
Liverpool,2017/2018,Trent Alexander-Arnold,33,3,2,6.9
Liverpool,2016/2017,Trent Alexander-Arnold,12,0,1,6.8
Liverpool,2023/2024,Joseph Gomez,51,0,3,7
Liverpool,2022/2023,Joseph Gomez,31,0,1,6.9
Liverpool,2021/2022,Joseph Gomez,21,0,1,7.1
Liverpool,2020/2021,Joseph Gomez,12,0,1,6.8
Liverpool,2019/2020,Joseph Gomez,43,0,0,6.9
Liverpool,2018/2019,Joseph Gomez,25,0,0,6.8
Liverpool,2017/2018,Joseph Gomez,31,0,2,7.1
Liverpool,2016/2017,Joseph Gomez,3,0,0,7.1
Man United,2023/2024,Harry Maguire,31,4,2,7.2
Man United,2022/2023,Harry Maguire,31,0,0,6.9
Man United,2021/2022,Harry Maguire,37,2,0,6.9
Man United,2020/2021,Harry Maguire,52,2,1,7
Man United,2019/2020,Harry Maguire,55,3,2,7.1
Leicester,2018/2019,Harry Maguire,32,3,0,7.1
Leicester,2017/2018,Harry Maguire,44,2,4,7.2
Hull,2016/2017,Harry Maguire,36,3,2,7.3
Man City,2023/2024,Kyle Walker,47,0,5,7.3
Man City,2022/2023,Kyle Walker,39,0,1,7.1
Man City,2021/2022,Kyle Walker,31,1,2,7.2
Man City,2020/2021,Kyle Walker,42,2,1,7.1
Man City,2019/2020,Kyle Walker,42,1,6,7
Man City,2018/2019,Kyle Walker,52,2,1,7.1
Man City,2017/2018,Kyle Walker,48,0,7,7.2
Tottenham,2016/2017,Kyle Walker,39,0,5,7.5
Athletic Club,2023/2024,Inaki Williams,39,14,5,7.3
Athletic Club,2022/2023,Inaki Williams,42,11,5,7
Athletic Club,2021/2022,Inaki Williams,44,8,5,6.9
Athletic Club,2020/2021,Inaki Williams,46,8,7,6.6
Athletic Club,2019/2020,Inaki Williams,46,9,3,6.4
Athletic Club,2018/2019,Inaki Williams,41,15,4,6.9
Athletic Club,2017/2018,Inaki Williams,52,10,6,6.6
Athletic Club,2016/2017,Inaki Williams,49,8,6,6.6
Barcelona,2023/2024,Ferran Torres,42,11,3,6.8
Barcelona,2022/2023,Ferran Torres,45,7,3,6.8
Man City,2021/2022,Ferran Torres,26,7,6,7.2
Man City,2020/2021,Ferran Torres,36,13,3,6.8
Valencia,2019/2020,Ferran Torres,44,6,8,6.8
Valencia,2018/2019,Ferran Torres,37,3,2,6.5
Valencia,2017/2018,Ferran Torres,16,0,2,6.3
Real Madrid,2023/2024,Jude Bellingham,42,23,13,8
Dortmund,2022/2023,Jude Bellingham,42,14,6,7.7
Dortmund,2021/2022,Jude Bellingham,44,6,13,7.5
Dortmund,2020/2021,Jude Bellingham,46,4,4,6.9
Birmingham,2019/2020,Jude Bellingham,44,4,2,6.6
Man United,2023/2024,Marcus Rashford,43,8,5,7
Man United,2022/2023,Marcus Rashford,56,30,9,7.4
Man United,2021/2022,Marcus Rashford,32,5,2,6.5
Man United,2020/2021,Marcus Rashford,57,21,12,7.2
Man United,2019/2020,Marcus Rashford,44,22,8,7.3
Man United,2018/2019,Marcus Rashford,47,13,7,6.9
Man United,2017/2018,Marcus Rashford,52,13,8,6.8
Man United,2016/2017,Marcus Rashford,53,11,4,6.8
Arsenal,2023/2024,Bukayo Saka,47,20,14,7.9
Arsenal,2022/2023,Bukayo Saka,48,15,11,7.5
Arsenal,2021/2022,Bukayo Saka,43,12,7,7.3
Arsenal,2020/2021,Bukayo Saka,46,7,7,7
Arsenal,2019/2020,Bukayo Saka,38,4,12,6.9
Arsenal,2018/2019,Bukayo Saka,4,0,0,7.6
Barcelona,2023/2024,Frenkie de Jong,30,2,0,7.5
Barcelona,2022/2023,Frenkie de Jong,43,2,4,7.4
Barcelona,2021/2022,Frenkie de Jong,47,4,5,7.4
Barcelona,2020/2021,Frenkie de Jong,51,7,7,7.5
Barcelona,2019/2020,Frenkie de Jong,42,2,3,7
Ajax,2018/2019,Frenkie de Jong,52,3,3,7.5
Ajax,2017/2018,Frenkie de Jong,26,1,7,7.8
Ajax,2016/2017,Frenkie de Jong,11,1,0,6.2
Liverpool,2023/2024,Alexis Mac Allister,46,7,7,7.5
Brighton,2022/2023,Alexis Mac Allister,40,12,3,7.5
Brighton,2021/2022,Alexis Mac Allister,36,5,4,7.2
Brighton,2020/2021,Alexis Mac Allister,27,3,2,6.5
Brighton,2019/2020,Alexis Mac Allister,9,0,0,6
Boca Juniors,2018/2019,Alexis Mac Allister,20,2,4,6.7
Man United,2023/2024,Casemiro,32,5,3,7.2
Man United,2022/2023,Casemiro,51,7,6,7.6
real Madrid,2021/2022,Casemiro,48,1,3,7.6
Real Madrid,2020/2021,Casemiro,46,7,5,7.4
Real Madrid,2019/2020,Casemiro,46,5,5,7.3
Real Madrid,2018/2019,Casemiro,43,4,0,7.1
Real Madrid,2017/2018,Casemiro,48,7,3,7.4
Real Madrid,2016/2017,Casemiro,42,6,3,7.4
real Madrid,2015/2016,Casemiro,35,1,3,8.1
Real Madrid,2014/2015,Casemiro,40,4,1,6.1
Man United,2023/2024,Alejandro Garnacho,50,10,5,7.1
Man United,2022/2023,Alejandro Garnacho,34,5,4,6.7
Man United,2021/2022,Alejandro Garnacho,2,0,0,5.8
Dortmund,2023/2024,Jadon Sancho,21,3,2,7.4
Man United,2022/2023,Jadon Sancho,41,7,3,7.1
Man United,2021/2022,Jadon Sancho,38,5,3,7
Dortmund,2020/2021,Jadon Sancho,38,16,18,7.8
Dortmund,2019/2020,Jadon Sancho,44,20,19,7.6
Dortmund,2018/2019,Jadon Sancho,43,13,16,7.5
Dortmund,2017/2018,Jadon Sancho,12,1,4,6.9
Liverpool,2023/2024,Cody Gakpo,53,16,6,7.1
Liverpool,2022/2023,Cody Gakpo,26,7,2,7
PSV Eindhoven,2021/2022,Cody Gakpo,47,21,15,7.9
PSV Eindhoven,2020/2021,Cody Gakpo,29,11,4,7.4
PSV Eindhoven,2019/2020,Cody Gakpo,39,8,8,6.8
PSV Eindhoven,2018/2019,Cody Gakpo,19,2,6,6.7
Liverpool,2023/2024,Diogo Jota,32,15,4,7.3
Liverpool,2022/2023,Diogo Jota,28,7,8,7
Liverpool,2021/2022,Diogo Jota,55,21,6,7.2
Liverpool,2020/2021,Diogo Jota,30,13,1,7.1
Wolves,2019/2020,Diogo Jota,48,16,1,6.7
Wolves,2018/2019,Diogo Jota,37,10,7,6.8
Wolves,2017/2018,Diogo Jota,46,18,5,7.2
FC Porto,2016/2017,Diogo Jota,37,9,5,6.1
Barcelona,2023/2024,Jules Kounde,48,2,4,7.2
Barcelona,2022/2023,Jules Kounde,40,1,6,7.3
Sevilla,2021/2022,Jules Kounde,44,3,1,7.3
Sevilla,2020/2021,Jules Kounde,49,4,1,7.1
Sevilla,2019/2020,Jules Kounde,40,2,1,6.9
Bordeaux,2018/2019,Jules Kounde,51,2,1,6.7
Bordeaux,2017/2018,Jules Kounde,19,2,0,6.9
Celta Vigo,2023/2024,Iago Aspas,36,9,10,7.5
Celta Vigo,2022/2023,Iago Aspas,39,12,3,7.2
Celta Vigo,2021/2022,Iago Aspas,38,18,6,7.3
Celta Vigo,2020/2021,Iago Aspas,34,14,15,7.5
Celta Vigo,2019/2020,Iago Aspas,38,14,3,7.1
Celta Vigo,2018/2019,Iago Aspas,29,21,6,7.6
Celta Vigo,2017/2018,Iago Aspas,37,23,5,7.7
Celta Vigo,2016/2017,Iago Aspas,49,26,6,7.3
Real Betis,2023/2024,Hector Bellerin,30,0,1,6.6
Sporting CP,2022/2023,Hector Bellerin,13,1,0,6.7
Barcelona,2021/2022,Hector Bellerin,7,0,0,7
Real Betis,2020/2021,Hector Bellerin,32,0,5,7.1
Arsenal,2019/2020,Hector Bellerin,23,1,1,6.6
Arsenal,2018/2019,Hector Bellerin,19,0,5,6.7
Arsenal,2017/2018,Hector Bellerin,47,3,5,6.9
Arsenal,2016/2017,Hector Bellerin,42,1,5,7
Villarreal,2023/2024,Gerard Moreno,38,11,8,7.3
Villarreal,2022/2023,Gerard Moreno,29,11,6,7.2
Villarreal,2021/2022,Gerard Moreno,27,13,7,7.3
Villarreal,2020/2021,Gerard Moreno,46,30,10,7.6
Villarreal,2019/2020,Gerard Moreno,37,20,5,7.3
Villarreal,2018/2019,Gerard Moreno,49,13,3,6.8
Espanyol,2017/2018,Gerard Moreno,44,19,2,7.1
Espanyol,2016/2017,Gerard Moreno,38,13,4,7
Real Madrid,2023/2024,David Alaba,17,0,2,7
Real Madrid,2022/2023,David Alaba,39,2,3,7
Real Madrid,2021/2022,David Alaba,46,3,4,7.1
Bayern Munchen,2020/2021,David Alaba,45,2,4,7
Bayern Munchen,2019/2020,David Alaba,42,2,2,6.9
Bayern Munchen,2018/2019,David Alaba,43,3,7,7.1
Bayern Munchen,2017/2018,David Alaba,36,2,4,7
Bayern Munchen,2016/2017,David Alaba,47,5,6,7.2
Real Madrid,2023/2024,Lucas Vazquez,38,3,7,7.3
Real Madrid,2022/2023,Lucas Vazquez,30,4,2,7.2
Real Madrid,2021/2022,Lucas Vazquez,41,3,0,7.2
Real Madrid,2020/2021,Lucas Vazquez,34,2,7,7.4
Real Madrid,2019/2020,Lucas Vazquez,23,3,1,6.6
Real Madrid,2018/2019,Lucas Vazquez,47,5,4,6.7
Real Madrid,2017/2018,Lucas Vazquez,53,8,12,7
Real Madrid,2016/2017,Lucas Vazquez,50,4,11,7
Real Madrid,2015/2016,Lucas Vazquez,33,4,8,7.1
Barcelona,2023/2024,Pedri,34,4,5,7.3
Barcelona,2022/2023,Pedri,35,7,1,7.4
Barcelona,2021/2022,Pedri,22,5,1,7.5
Barcelona,2020/2021,Pedri,52,4,6,7
Las Palmas,2019/2020,Pedri,37,4,6,6.8
Man City,2023/2024,John Stones,28,1,2,6.9
Man City,2022/2023,John Stones,34,3,3,7.1
Man City,2021/2022,John Stones,27,2,0,7.2
Man City,2020/2021,John Stones,35,5,0,7.2
Man City,2019/2020,John Stones,24,0,1,6.7
Man City,2018/2019,John Stones,39,0,1,7.1
Man City,2017/2018,John Stones,29,3,0,7.1
Man City,2016/2017,John Stones,41,2,0,7
Everton,2015/2016,John Stones,41,0,0,6.9
Man City,2023/2024,Mateo Kovacic,46,3,1,7.1
Chelsea,2022/2023,Mateo Kovacic,37,2,2,6.9
Chelsea,2021/2022,Mateo Kovacic,44,2,6,7.2
Chelsea,2020/2021,Mateo Kovacic,42,0,2,7.1
Chelsea,2019/2020,Mateo Kovacic,47,2,3,7.3
Chelsea,2018/2019,Mateo Kovacic,51,0,2,7.1
Real Madrid,2017/2018,Mateo Kovacic,36,0,2,6.9
Real Madrid,2016/2017,Mateo Kovacic,39,2,3,7.3
Real Madrid,2015/2016,Mateo Kovacic,34,1,2,7.3
Leicester,2023/2024,Jamie Vardy,37,20,2,7.1
Leicester,2022/2023,Jamie Vardy,42,6,5,6.5
Leicester,2021/2022,Jamie Vardy,33,17,2,6.9
Leicester,2020/2021,Jamie Vardy,42,17,9,7.1
Leicester,2019/2020,Jamie Vardy,40,23,7,7.2
Leicester,2018/2019,Jamie Vardy,36,18,4,6.9
Leicester,2017/2018,Jamie Vardy,42,23,1,7
Leicester,2016/2017,Jamie Vardy,48,16,5,6.8
Man United,2023/2024,Luke Shaw,15,0,1,6.9
Man United,2022/2023,Luke Shaw,47,1,6,7.2
Man United,2021/2022,Luke Shaw,27,0,5,7
Man United,2020/2021,Luke Shaw,47,1,6,7.1
Man United,2019/2020,Luke Shaw,33,1,2,7.2
Man United,2018/2019,Luke Shaw,40,1,5,7
Man United,2017/2018,Luke Shaw,19,0,0,7.1
Man United,2016/2017,Luke Shaw,19,0,1,7.3
Man United,2023/2024,Bruno Fernandes,48,15,13,7.9
Man United,2022/2023,Bruno Fernandes,59,14,13,7.8
Man United,2021/2022,Bruno Fernandes,46,10,13,7.5
Man United,2020/2021,Bruno Fernandes,58,28,18,7.6
Man United,2019/2020,Bruno Fernandes,22,12,8,8
Sporting CP,2018/2019,Bruno Fernandes,52,31,15,7.8
Sporting CP,2017/2018,Bruno Fernandes,56,16,14,7.6
Sampdoria,2016/2017,Bruno Fernandes,35,5,3,6.6
Man United,2023/2024,Mason Mount,20,1,1,6.5
Chelsea,2022/2023,Mason Mount,35,3,3,6.9
Chelsea,2021/2022,Mason Mount,53,13,16,7.4
Chelsea,2020/2021,Mason Mount,54,9,8,7.3
Chelsea,2019/2020,Mason Mount,53,8,5,7
Derby,2018/2019,Mason Mount,44,11,5,6.9
Vitesse,2017/2018,Mason Mount,39,14,10,7.6
Man United,2023/2024,Antony,38,3,2,6.9
Man United,2022/2023,Antony,44,8,3,7.3
Ajax,2021/2022,Antony,33,12,10,7.8
Ajax,2020/2021,Antony,46,11,9,7.1
Man City,2023/2024,Josko Gvardiol,42,5,2,7.5
RB Leipzig,2022/2023,Josko Gvardiol,41,3,0,7.1
RB Leipzig,2021/2022,Josko Gvardiol,46,2,3,7.3
Dinamo Zagreb,2020/2021,Josko Gvardiol,40,3,2,7.2
West Ham,2023/2024,Kalvin Phillips,10,0,0,6.1
Man City,2022/2023,Kalvin Phillips,21,0,0,6.7
Leeds,2021/2022,Kalvin Phillips,23,1,1,7.1
Leeds,2020/2021,Kalvin Phillips,23,1,1,7.1
Leeds,2019/2020,Kalvin Phillips,30,1,2,7
Leeds,2018/2019,Kalvin Phillips,40,2,2,7.1
Leeds,2017/2018,Kalvin Phillips,46,1,3,6.9
Leeds,2016/2017,Kalvin Phillips,40,1,2,6.5
Man City,2023/2024,Rodri,50,9,13,8.1
Man City,2022/2023,Rodri,56,4,7,7.7
Man City,2021/2022,Rodri,46,7,2,7.9
Man City,2020/2021,Rodri,53,2,5,7.4
Man City,2019/2020,Rodri,52,4,2,7.1
Atletico Madrid,2018/2019,Rodri,47,3,1,7.2
Villarreal,2017/2018,Rodri,47,1,4,7.2
Villarreal,2016/2017,Rodri,31,1,2,7.1
Man City,2023/2024,Jack Grealish,36,3,3,7.1
Man City,2022/2023,Jack Grealish,50,5,11,7.4
Man City,2021/2022,Jack Grealish,39,6,4,7.5
Aston Villa,2020/2021,Jack Grealish,27,7,10,7.7
Aston Villa,2019/2020,Jack Grealish,41,10,8,7.3
Aston Villa,2018/2019,Jack Grealish,35,6,7,7.6
Aston Villa,2017/2018,Jack Grealish,31,3,6,7.5
Aston Villa,2016/2017,Jack Grealish,33,5,2,6.7
Man City,2023/2024,Julian Alvarez,54,19,13,7.4
Man City,2022/2023,Julian Alvarez,49,17,4,6.9
River Plate,2021/2022,Julian Alvarez,26,18,6,7.8
River Plate,2020/2021,Julian Alvarez,46,24,14,7.7
River Plate,2019/2020,Julian Alvarez,24,8,3,6.6
River Plate,2018/2019,Julian Alvarez,18,3,2,6
River Plate,2017/2018,Julian Alvarez,8,1,2,6.1
Man City,2023/2024,Phil Foden,53,27,12,7.8
Man City,2022/2023,Phil Foden,48,15,7,7.3
Man City,2021/2022,Phil Foden,45,14,11,7.3
Man City,2020/2021,Phil Foden,50,16,10,7.5
Man City,2019/2020,Phil Foden,38,8,9,7.2
Man City,2018/2019,Phil Foden,26,7,2,7.1
Man City,2017/2018,Phil Foden,10,0,1,6.8
Man City,2023/2024,Jeremy Doku,43,6,9,7.3
Rennes,2022/2023,Jeremy Doku,35,7,4,7.2
Rennes,2021/2022,Jeremy Doku,18,2,2,6.9
Anderlecht,2020/2021,Jeremy Doku,7,2,3,7.6
Anderlecht,2019/2020,Jeremy Doku,24,4,4,6.8
Anderlecht,2018/2019,Jeremy Doku,6,0,0,5.9
Tottenham,2023/2024,Timo Werner,14,2,3,7
RB Leipzig,2022/2023,Timo Werner,40,16,5,7.1
Chelsea,2021/2022,Timo Werner,37,11,6,6.9
Chelsea,2020/2021,Timo Werner,52,12,11,7
RB Leipzig,2019/2020,Timo Werner,45,34,12,7.7
RB Leipzig,2018/2019,Timo Werner,37,19,8,7.1
RB Leipzig,2017/2018,Timo Werner,45,21,9,7.1
RB Leipzig,2016/2017,Timo Werner,32,21,5,7.5
Tottenham,2023/2024,Richarlison,31,12,4,7
Tottenham,2022/2023,Richarlison,35,3,3,6.7
Everton,2021/2022,Richarlison,33,11,5,7
Everton,2020/2021,Richarlison,40,13,3,6.9
Everton,2019/2020,Richarlison,41,15,4,6.9
Everton,2018/2019,Richarlison,38,14,1,6.6
Watford,2017/2018,Richarlison,41,5,4,6.6
Fluminense,2016/2017,Richarlison,36,15,2,6.8
Juventus,2023/2024,Alex Sandro,18,1,0,7
Juventus,2022/2023,Alex Sandro,37,0,3,7.1
Juventus,2021/2022,Alex Sandro,40,2,1,7
Juventus,2020/2021,Alex Sandro,34,2,2,7.2
Juventus,2019/2020,Alex Sandro,41,1,4,7.1
Juventus,2018/2019,Alex Sandro,43,1,2,7.2
Juventus,2017/2018,Alex Sandro,39,4,5,7.4
Juventus,2016/2017,Alex Sandro,43,3,7,7.5
Juventus,2023/2024,Danilo,34,1,3,7.5
Juventus,2022/2023,Danilo,54,3,3,7.4
Juventus,2021/2022,Danilo,31,2,2,7.3
Juventus,2020/2021,Danilo,46,1,4,7.3
Juventus,2019/2020,Danilo,32,2,0,6.8
Man City,2018/2019,Danilo,22,1,1,7.3
Man City,2017/2018,Danilo,38,3,3,7.3
Real Madrid,2016/2017,Danilo,25,1,3,7.5
Real Madrid,2015/2016,Danilo,31,2,6,7.3
FC Porto,2014/2015,Danilo,40,7,1,8.3
Fiorentina,2023/2024,Arthur,48,2,3,7
Liverpool,2022/2023,Arthur,1,0,0,6.1
Juventus,2021/2022,Arthur,31,0,1,7
Juventus,2020/2021,Arthur,32,1,0,6.8
Barcelona,2019/2020,Arthur,28,4,4,7.2
Barcelona,2018/2019,Arthur,44,0,2,6.8
Gremio,2017/2018,Arthur,18,4,2,7.8
Gremio,2016/2017,Arthur,50,2,1,7.2
Juventus,2023/2024,Federico Chiesa,37,10,2,7.1
Juventus,2022/2023,Federico Chiesa,33,4,6,6.7
Juventus,2021/2022,Federico Chiesa,18,4,2,7.2
Juventus,2020/2021,Federico Chiesa,43,14,10,7.4
Fiorentina,2019/2020,Federico Chiesa,37,11,6,6.9
Fiorentina,2018/2019,Federico Chiesa,41,12,5,6.8
Fiorentina,2017/2018,Federico Chiesa,38,6,5,7.1
Fiorentina,2016/2017,Federico Chiesa,34,4,2,6.6
Inter,2023/2024,Alexis Sanchez,33,4,5,6.8
Marseille,2022/2023,Alexis Sanchez,44,18,3,7.1
Inter,2021/2022,Alexis Sanchez,39,9,4,6.8
Inter,2020/2021,Alexis Sanchez,38,7,5,6.8
Inter,2019/2020,Alexis Sanchez,32,4,9,7
Man United,2018/2019,Alexis Sanchez,27,2,4,6.6
Man United,2017/2018,Alexis Sanchez,18,3,5,7.4
Arsenal,2016/2017,Alexis Sanchez,51,30,15,7.8
Inter,2023/2024,Juan Cuadrado,12,0,2,6.5
Juventus,2022/2023,Juan Cuadrado,47,2,4,7.2
Juventus,2021/2022,Juan Cuadrado,45,5,5,7.4
Juventus,2020/2021,Juan Cuadrado,40,2,17,7.6
Juventus,2019/2020,Juan Cuadrado,45,3,6,7.3
Juventus,2018/2019,Juan Cuadrado,23,1,4,7.1
Juventus,2017/2018,Juan Cuadrado,29,5,8,7.5
Juventus,2016/2017,Juan Cuadrado,45,3,9,7.2
Marseille,2023/2024,Joaquin Correa,19,0,0,6.4
Inter,2022/2023,Joaquin Correa,41,4,3,6.5
Inter,2021/2022,Joaquin Correa,36,6,2,6.7
Lazio,2020/2021,Joaquin Correa,38,11,5,7.1
Lazio,2019/2020,Joaquin Correa,35,10,3,7.2
Lazio,2018/2019,Joaquin Correa,44,9,7,7
Sevilla,2017/2018,Joaquin Correa,39,7,6,7
Sevilla,2016/2017,Joaquin Correa,35,8,0,6.7
Inter,2023/2024,Lautaro Martinez,44,27,3,7.5
Inter,2022/2023,Lautaro Martinez,57,28,10,7.4
Inter,2021/2022,Lautaro Martinez,49,25,3,7.3
Inter,2020/2021,Lautaro Martinez,48,19,7,7.2
Inter,2019/2020,Lautaro Martinez,49,21,5,6.9
Inter,2018/2019,Lautaro Martinez,35,9,2,6.5
Tottenham,2023/2024,Dejan Kulusevski,39,8,3,7.1
Tottenham,2022/2023,Dejan Kulusevski,37,2,8,7
Juventus,2021/2022,Dejan Kulusevski,27,2,3,6.6
Juventus,2020/2021,Dejan Kulusevski,47,7,6,6.8
Parma,2019/2020,Dejan Kulusevski,39,10,8,6.9
Atalanta,2018/2019,Dejan Kulusevski,3,0,0,5.9
Atletico Madrid,2023/2024,Axel Witsel,51,2,0,7
Atletico Madrid,2022/2023,Axel Witsel,43,0,1,6.9
Dortmund,2021/2022,Axel Witsel,41,2,0,7
Dortmund,2020/2021,Axel Witsel,22,1,0,6.9
Dortmund,2019/2020,Axel Witsel,39,4,5,7
Dortmund,2018/2019,Axel Witsel,43,6,1,7.2
Atletico Madrid,2023/2024,Rodrigo De Paul,48,4,6,7.2
Atletico Madrid,2022/2023,Rodrigo De Paul,38,3,8,7.2
Atletico Madrid,2021/2022,Rodrigo De Paul,48,4,1,7.1
Udinese,2020/2021,Rodrigo De Paul,38,9,9,7.5
Udinese,2019/2020,Rodrigo De Paul,35,7,6,7.3
Udinese,2018/2019,Rodrigo De Paul,37,9,8,7.5
Udinese,2017/2018,Rodrigo De Paul,39,4,7,6.9
Udinese,2016/2017,Rodrigo De Paul,35,5,1,6.7
Atletico Madrid,2023/2024,Thomas Lemar,3,0,0,6.4
Atletico Madrid,2022/2023,Thomas Lemar,32,1,3,6.9
Atletico Madrid,2021/2022,Thomas Lemar,35,4,6,7
Atletico Madrid,2020/2021,Thomas Lemar,36,2,4,6.9
Atletico Madrid,2019/2020,Thomas Lemar,29,0,0,6.3
Atletico Madrid,2018/2019,Thomas Lemar,43,4,6,6.8
Monaco,2017/2018,Thomas Lemar,38,3,8,7.1
Monaco,2016/2017,Thomas Lemar,55,14,14,7.4
Atletico Madrid,2023/2024,Nahuel Molina,46,2,5,7
Atletico Madrid,2022/2023,Nahuel Molina,43,4,4,7.2
Udinese,2021/2022,Nahuel Molina,37,8,2,7.1
Udinese,2020/2021,Nahuel Molina,31,2,5,6.8
Rosario Central,2019/2020,Nahuel Molina,24,1,3,7
Defensa y Justicia,2018/2019,Nahuel Molina,12,0,0,6.5
Atletico Madrid,2023/2024,Angel Correa,47,11,3,6.8
Atletico Madrid,2022/2023,Angel Correa,45,10,3,6.6
Atletico Madrid,2021/2022,Angel Correa,49,13,6,6.7
Atletico Madrid,2020/2021,Angel Correa,48,9,11,6.9
Atletico Madrid,2019/2020,Angel Correa,44,7,7,6.4
Atletico Madrid,2018/2019,Angel Correa,49,5,4,6.5
Atletico Madrid,2017/2018,Angel Correa,56,9,9,6.6
Atletico Madrid,2016/2017,Angel Correa,47,8,10,6.6
Barcelona,2023/2024,Joao Felix,44,10,6,7.1
Chelsea,2022/2023,Joao Felix,20,4,0,6.7
Atletico Madrid,2021/2022,Joao Felix,35,10,5,7
Atletico Madrid,2020/2021,Joao Felix,40,10,5,6.8
Atletico Madrid,2019/2020,Joao Felix,36,9,3,6.7
Benfica,2018/2019,Joao Felix,42,20,8,7.3
Man City,2023/2024,Nathan Ake,44,3,2,7.2
Man City,2022/2023,Nathan Ake,41,3,0,7.3
Man City,2021/2022,Nathan Ake,27,3,0,7
Man City,2020/2021,Nathan Ake,13,1,0,7
Bournemouth,2019/2020,Nathan Ake,30,2,2,6.5
Bournemouth,2018/2019,Nathan Ake,39,4,0,6.6
Bournemouth,2017/2018,Nathan Ake,40,2,3,6.7
Chelsea,2016/2017,Nathan Ake,5,0,1,7.4
Watford,2015/2016,Nathan Ake,28,1,0,6.8
Man City,2023/2024,Manuel Akanji,48,4,0,7.2
Man City,2022/2023,Manuel Akanji,48,1,1,7
Dortmund,2021/2022,Manuel Akanji,36,1,0,7
Dortmund,2020/2021,Manuel Akanji,41,2,0,6.9
Dortmund,2019/2020,Manuel Akanji,39,0,2,6.6
Dortmund,2018/2019,Manuel Akanji,31,1,0,6.9
Basel,2017/2018,Manuel Akanji,28,2,1,6.8
AC Milan,2023/2024,Christian Pulisic,51,16,10,7.3
Chelsea,2022/2023,Christian Pulisic,30,1,2,6.5
Chelsea,2021/2022,Christian Pulisic,38,8,4,6.9
Chelsea,2020/2021,Christian Pulisic,43,6,4,6.9
Chelsea,2019/2020,Christian Pulisic,34,11,7,7.2
Dortmund,2018/2019,Christian Pulisic,30,7,5,6.7
Dortmund,2017/2018,Christian Pulisic,42,5,6,6.9
Dortmund,2016/2017,Christian Pulisic,43,5,9,6.9
Nottm Forest,2023/2024,Divock Origi,22,1,1,6.3
AC Milan,2022/2023,Divock Origi,36,2,1,6.4
Liverpool,2021/2022,Divock Origi,18,6,3,7
Liverpool,2020/2021,Divock Origi,17,1,2,6.3
Liverpool,2019/2020,Divock Origi,42,6,2,6.5
Liverpool,2018/2019,Divock Origi,21,7,1,6.5
Wolfsburg,2017/2018,Divock Origi,36,7,3,6.4
Liverpool,2016/2017,Divock Origi,43,11,3,6.6
Liverpool,2015/2016,Divock Origi,33,10,2,6.2
Lille,2014/2015,Divock Origi,44,9,3,6.7
Girona,2023/2024,Daley Blind,37,3,2,7.3
Bayern Munchen,2022/2023,Daley Blind,5,0,0,6.4
Ajax,2021/2022,Daley Blind,46,2,3,7.5
Ajax,2020/2021,Daley Blind,34,1,2,7.1
Ajax,2019/2020,Daley Blind,34,1,1,6.9
Ajax,2018/2019,Daley Blind,57,6,4,7.2
Man United,2017/2018,Daley Blind,17,1,2,7.3
Man United,2016/2017,Daley Blind,39,1,2,7.4
Girona,2023/2024,Miguel Gutierrez,40,2,9,7.2
Girona,2022/2023,Miguel Gutierrez,36,2,3,6.8
Real Madrid,2021/2022,Miguel Gutierrez,4,0,1,7.4
Real Madrid,2020/2021,Miguel Gutierrez,6,0,1,7.1
Bayern Munchen,2023/2024,Eric Dier,20,0,0,7
Tottenham,2022/2023,Eric Dier,42,2,1,6.8
Tottenham,2021/2022,Eric Dier,40,0,0,6.9
Tottenham,2020/2021,Eric Dier,39,0,0,6.7
Tottenham,2019/2020,Eric Dier,30,0,2,6.6
Tottenham,2018/2019,Eric Dier,28,3,0,6.6
Tottenham,2017/2018,Eric Dier,47,0,3,7
Tottenham,2016/2017,Eric Dier,48,2,2,7
Bayern Munchen,2023/2024,Raphael Guerreiro,28,3,2,7.2
Dortmund,2022/2023,Raphael Guerreiro,36,6,14,7.6
Dortmund,2021/2022,Raphael Guerreiro,28,5,3,7.2
Dortmund,2020/2021,Raphael Guerreiro,40,6,10,7.4
Dortmund,2019/2020,Raphael Guerreiro,38,8,3,7.2
Dortmund,2018/2019,Raphael Guerreiro,32,6,6,7.3
Dortmund,2017/2018,Raphael Guerreiro,15,2,1,7
Dortmund,2016/2017,Raphael Guerreiro,35,7,5,7.1
Bayern Munchen,2023/2024,Dayot Upamecano,33,1,0,7.1
Bayern Munchen,2022/2023,Dayot Upamecano,43,1,1,7.2
Bayern Munchen,2021/2022,Dayot Upamecano,38,1,6,7.5
RB Leipzig,2020/2021,Dayot Upamecano,41,1,0,6.9
RB Leipzig,2019/2020,Dayot Upamecano,38,0,1,7
RB Leipzig,2018/2019,Dayot Upamecano,22,0,0,6.9
RB Leipzig,2017/2018,Dayot Upamecano,41,3,0,7
Salzburg,2016/2017,Dayot Upamecano,21,0,2,7.2
Bayern Munchen,2023/2024,Matthijs de Ligt,30,2,1,7
Bayern Munchen,2022/2023,Matthijs de Ligt,43,3,1,7.3
Juventus,2021/2022,Matthijs de Ligt,42,3,1,7.1
Juventus,2020/2021,Matthijs de Ligt,36,1,1,7.1
Juventus,2019/2020,Matthijs de Ligt,39,4,0,6.8
Ajax,2018/2019,Matthijs de Ligt,55,7,1,7.1
Ajax,2017/2018,Matthijs de Ligt,39,3,3,7
Ajax,2016/2017,Matthijs de Ligt,23,3,0,6.9
Bayern Munchen,2023/2024,Leon Goretzka,42,6,9,7.4
Bayern Munchen,2022/2023,Leon Goretzka,40,6,6,7.3
Bayern Munchen,2021/2022,Leon Goretzka,27,3,3,7.3
Bayern Munchen,2020/2021,Leon Goretzka,32,8,7,7.3
Bayern Munchen,2019/2020,Leon Goretzka,38,8,7,7.3
Bayern Munchen,2018/2019,Leon Goretzka,42,9,6,7
Schalke 04,2017/2018,Leon Goretzka,29,4,3,7
Schalke 04,2016/2017,Leon Goretzka,41,8,4,7.1
Bayern Munchen,2023/2024,Konrad Laimer,43,1,4,7
RB Leipzig,2022/2023,Konrad Laimer,29,4,1,7.2
RB Leipzig,2021/2022,Konrad Laimer,43,5,6,6.9
RB Leipzig,2020/2021,Konrad Laimer,4,0,0,6.1
RB Leipzig,2019/2020,Konrad Laimer,42,4,6,6.9
RB Leipzig,2018/2019,Konrad Laimer,43,2,3,6.8
RB Leipzig,2017/2018,Konrad Laimer,29,0,2,6.6
Salzburg,2016/2017,Konrad Laimer,43,4,4,6.3
Bayern Munchen,2023/2024,Jamal Musiala,38,12,7,7.6
Bayern Munchen,2022/2023,Jamal Musiala,47,16,13,7.4
Bayern Munchen,2021/2022,Jamal Musiala,40,8,5,7.2
Bayern Munchen,2020/2021,Jamal Musiala,37,7,1,6.8
Bayern Munchen,2023/2024,Kingsley Coman,27,5,3,7.3
Bayern Munchen,2022/2023,Kingsley Coman,35,9,6,7.4
Bayern Munchen,2021/2022,Kingsley Coman,32,8,5,7.5
Bayern Munchen,2020/2021,Kingsley Coman,39,8,5,7.3
Bayern Munchen,2019/2020,Kingsley Coman,38,8,5,7.1
Bayern Munchen,2018/2019,Kingsley Coman,30,10,5,7.3
Bayern Munchen,2017/2018,Kingsley Coman,33,7,6,7.4
Bayern Munchen,2016/2017,Kingsley Coman,25,2,1,6.9
Girona,2023/2024,Eric Garcia,32,5,0,7.1
Barcelona,2022/2023,Eric Garcia,32,1,2,6.9
Barcelona,2021/2022,Eric Garcia,36,0,0,7
Man City,2020/2021,Eric Garcia,12,0,0,6.7
Man City,2019/2020,Eric Garcia,20,0,1,6.8
Barcelona,2023/2024,Inigo Martinez,25,0,0,6.9
Athletic Club,2022/2023,Inigo Martinez,18,1,0,7.1
Athletic Club,2021/2022,Inigo Martinez,34,4,0,7.3
Athletic Club,2020/2021,Inigo Martinez,33,2,1,6.8
Athletic Club,2019/2020,Inigo Martinez,41,1,3,6.8
Athletic Club,2018/2019,Inigo Martinez,35,0,1,6.9
Real Sociedad,2017/2018,Inigo Martinez,16,1,1,6.9
Real Sociedad,2016/2017,Inigo Martinez,40,4,3,6.8
Aston Villa,2023/2024,Clement Lenglet,25,0,1,6.6
Tottenham,2022/2023,Clement Lenglet,35,1,2,6.9
Barcelona,2021/2022,Clement Lenglet,27,0,1,6.7
Barcelona,2020/2021,Clement Lenglet,48,1,0,6.8
Barcelona,2019/2020,Clement Lenglet,40,4,1,6.8
Barcelona,2018/2019,Clement Lenglet,45,2,0,6.8
Sevilla,2017/2018,Clement Lenglet,54,4,1,6.8
Nancy,2016/2017,Clement Lenglet,20,0,0,6.9
Barcelona,2023/2024,Ronald Araujo,37,1,2,6.9
Barcelona,2022/2023,Ronald Araujo,31,1,2,7.1
Barcelona,2021/2022,Ronald Araujo,43,4,0,7.1
Barcelona,2020/2021,Ronald Araujo,33,2,1,6.9
Barcelona,2019/2020,Ronald Araujo,6,0,0,6.5
Barcelona,2023/2024,Andreas Christensen,42,3,2,7
Barcelona,2022/2023,Andreas Christensen,32,1,1,7.2
Chelsea,2021/2022,Andreas Christensen,34,2,1,7.3
Chelsea,2020/2021,Andreas Christensen,27,0,0,6.9
Chelsea,2019/2020,Andreas Christensen,28,0,0,6.8
Chelsea,2018/2019,Andreas Christensen,29,0,1,6.9
Chelsea,2017/2018,Andreas Christensen,40,0,0,6.7
M'gladbach,2016/2017,Andreas Christensen,43,4,0,6.9
Barcelona,2023/2024,Alex Balde,28,1,1,7
Barcelona,2022/2023,Alex Balde,44,1,6,7.1
Barcelona,2021/2022,Alex Balde,7,0,0,6.4
Barcelona,2023/2024,Pau Cubarsi,24,0,1,6.9
Barcelona,2023/2024,Gavi,15,2,1,7.3
Barcelona,2022/2023,Gavi,49,3,6,7
Barcelona,2021/2022,Gavi,47,2,5,6.9
Barcelona,2023/2023,Fermin Lopez,42,11,0,7
Linares Deportivo,2022/2023,Fermin Lopez,40,12,0,6.1
Barcelona,2023/2024,Oriol Romeu,37,0,1,6.8
Girona,2022/2023,Oriol Romeu,34,2,0,7
Southampton,2021/2022,Oriol Romeu,42,2,3,7.3
Southampton,2020/2021,Oriol Romeu,23,1,1,7
Southampton,2019/2020,Oriol Romeu,35,0,0,6.7
Southampton,2018/2019,Oriol Romeu,33,1,0,6.7
Southampton,2017/2018,Oriol Romeu,40,1,0,6.9
Southampton,2016/2017,Oriol Romeu,46,1,0,7.3
Girona,2023/2024,Pablo Torre,29,1,2,6.4
Barcelona,2022/2023,Pablo Torre,13,1,1,6.6
Barcelona,2023/2024,Lamine Yamal,50,7,7,7.4
Barcelona,2022/2023,Lamine Yamal,1,0,0,6
Barcelona,2023/2024,Vitor Roque,16,2,0,6.2
Athletico Paranaense,2022/2023,Vitor Roque,45,21,6,7.1
Barcelona,2023/2024,Raphinha,37,10,11,7.4
Barcelona,2022/2023,Raphinha,50,10,12,7.3
Leeds,2021/2022,Raphinha,36,11,3,7.3
Leeds,2020/2021,Raphinha,31,6,9,7.3
Rennes,2019/2020,Raphinha,30,7,4,6.9
Sporting CP,2018/2019,Raphinha,36,7,2,7.1
Vitoria de Guimaraes,2017/2018,Raphinha,43,18,4,7.2
Brighton,2023/2024,Ansu Fati,27,4,1,6.5
Barcelona,2022/2023,Ansu Fati,51,10,3,6.7
Barcelona,2021/2022,Ansu Fati,15,6,0,6.7
Barcelona,2020/2021,Ansu Fati,10,5,2,7.4
Barcelona,2019/2020,Ansu Fati,33,8,1,6.7
Real Madrid,2023/2024,Ferland Mendy,37,1,0,7
Real Madrid,2022/2023,Ferland Mendy,28,0,1,7.1
Real Madrid,2021/2022,Ferland Mendy,35,2,4,7.3
Real Madrid,2020/2021,Ferland Mendy,38,2,0,7.1
Real Madrid,2019/2020,Ferland Mendy,32,1,2,7.1
Lyon,2018/2019,Ferland Mendy,44,3,2,7.1
Lyon,2017/2018,Ferland Mendy,35,0,5,7.1
Real Madrid,2023/2024,Eduardo Camavinga,46,0,3,7.2
Real Madrid,2022/2023,Eduardo Camavinga,59,0,2,7.1
Real Madrid,2021/2022,Eduardo Camavinga,40,2,2,7
Rennes,2020/2021,Eduardo Camavinga,39,1,2,6.9
Rennes,2019/2020,Eduardo Camavinga,36,1,2,6.9
Rennes,2018/2019,Eduardo Camavinga,7,0,0,6.7
AC Milan,2023/2024,Samuel Chukwueze,34,3,3,6.7
Villarreal,2022/2023,Samuel Chukwueze,50,13,10,7.3
Villarreal,2021/2022,Samuel Chukwueze,38,7,3,6.8
Villarreal,2020/2021,Samuel Chukwueze,40,5,7,6.9
Villarreal,2019/2020,Samuel Chukwueze,41,4,3,6.6
Villarreal,2018/2019,Samuel Chukwueze,38,8,3,6.8
AC Milan,2023/2024,Rafael Leao,48,15,12,7.5
AC Milan,2022/2023,Rafael Leao,48,16,11,7.4
AC Milan,2021/2022,Rafael Leao,42,14,10,7.5
AC Milan,2020/2021,Rafael Leao,40,7,6,6.8
AC Milan,2019/2020,Rafael Leao,33,6,2,6.6
Lille,2018/2019,Rafael Leao,26,8,3,6.5
Sporting CP,2017/2018,Rafael Leao,4,1,1,6.4
AC Milan,2023/2024,Noah Okafor,37,6,3,6.4
Salzburg,2022/2023,Noah Okafor,32,10,4,6.9
Salzburg,2021/2022,Noah Okafor,34,14,9,7.3
Salzburg,2020/2021,Noah Okafor,29,6,4,6.9
Salzburg,2019/2020,Noah Okafor,15,4,1,6.6
Basel,2018/2019,Noah Okafor,28,4,2,7.2
AC Milan,2023/2024,Yacine Adli,33,1,2,7.1
AC Milan,2022/2023,Yacine Adli,6,0,0,6.3
Bordeaux,2021/2022,Yacine Adli,36,1,7,6.9
Bordeaux,2020/2021,Yacine Adli,36,2,5,6.8
Bordeaux,2019/2020,Yacine Adli,25,3,3,6.6
Bordeaux,2018/2019,Yacine Adli,7,0,0,6.1
Man United,2023/2024,Diogo Dalot,50,3,5,7.2
Man United,2022/2023,Diogo Dalot,42,2,2,7.2
Man United,2021/2022,Diogo Dalot,30,0,0,7.4
AC Milan,2020/2021,Diogo Dalot,33,2,3,6.8
Man United,2019/2020,Diogo Dalot,11,1,0,7.3
Man United,2018/2019,Diogo Dalot,23,0,2,6.8
FC Porto,2017/2018,Diogo Dalot,7,0,1,6.9
Man United,2023/2024,Lisandro Martinez,14,0,1,6.6
Man United,2022/2023,Lisandro Martinez,45,1,0,7.2
Ajax,2021/2022,Lisandro Martinez,37,1,4,7.9
Ajax,2020/2021,Lisandro Martinez,42,3,1,7.2
Ajax,2019/2020,Lisandro Martinez,41,2,1,7
Defensa y Justicia,2018/2019,Lisandro Martinez,29,2,3,7
Lille,2023/2024,Leny Yoro,44,3,0,6.9
Lille,2022/2023,Leny Yoro,15,0,0,6.8
Lille,2021/2022,Leny Yoro,1,0,0,6.3
Man United,2023/2024,Jonny Evans,30,0,1,6.8
Leicester,2022/2023,Jonny Evans,14,0,0,6.5
Leicester,2021/2022,Jonny Evans,27,2,1,7.1
Leicester,2020/2021,Jonny Evans,37,2,2,6.9
Leicester,2019/2020,Jonny Evans,46,2,1,6.9
Leicester,2018/2019,Jonny Evans,28,1,0,6.8
West Brom,2017/2018,Jonny Evans,31,2,2,6.6
West Brom,2016/2017,Jonny Evans,31,2,1,7.2
West Brom,2015/2016,Jonny Evans,34,1,2,7
Man United,2023/2024,Scott McTominay,43,10,3,6.9
Man United,2022/2023,Scott McTominay,39,3,1,6.8
Man United,2021/2022,Scott McTominay,37,2,1,7.1
Man United,2020/2021,Scott McTominay,49,7,2,7.1
Man United,2019/2020,Scott McTominay,37,5,1,7
Man United,2018/2019,Scott McTominay,22,2,0,6.8
Man United,2017/2018,Scott McTominay,23,0,0,6.8
Man United,2016/2017,Scott McTominay,2,0,0,7.3
Arsenal,2023/2024,Oleksandr Zinchenko,35,1,2,7
Arsenal,2022/2023,Oleksandr Zinchenko,33,1,2,7.1
Man City,2021/2022,Oleksandr Zinchenko,28,0,6,7.2
Man City,2020/2021,Oleksandr Zinchenko,32,0,2,7.1
Man City,2019/2020,Oleksandr Zinchenko,25,1,0,6.9
Man City,2018/2019,Oleksandr Zinchenko,29,1,5,7.4
Man City,2017/2018,Oleksandr Zinchenko,14,0,0,7.3
Arsenal,2023/2024,Gabriel,50,4,0,7.1
Arsenal,2022/2023,Gabriel,48,3,0,7.1
Arsenal,2021/2022,Gabriel,38,5,0,7.1
Arsenal,2020/2021,Gabriel,32,3,1,6.7
Lille,2019/2020,Gabriel,34,1,0,6.7
Lille,2018/2019,Gabriel,17,1,0,7
Arsenal,2023/2024,Ben White,51,4,5,7.1
Arsenal,2022/2023,Ben White,46,2,5,7.1
Arsenal,2021/2022,Ben White,37,0,0,7
Brighton,2020/2021,Ben White,39,0,0,6.6
Leeds,2019/2020,Ben White,49,1,2,7
Arsenal,2023/2024,Jorginho,36,1,2,6.9
Arsenal,2022/2023,Jorginho,16,0,1,7.2
Chelsea,2021/2022,Jorginho,47,9,4,7.5
Chelsea,2020/2021,Jorginho,43,8,2,7.2
Chelsea,2019/2020,Jorginho,44,7,2,7.3
Chelsea,2018/2019,Jorginho,54,2,0,7
SSC Napoli,2017/2018,Jorginho,39,4,4,7.4
SSC Napoli,2016/2017,Jorginho,31,0,3,7.4
Arsenal,2023/2024,Thomas Partey,16,0,0,7
Arsenal,2022/2023,Thomas Partey,40,3,0,7.4
Arsenal,2021/2022,Thomas Partey,26,2,1,7.2
Arsenal,2020/2021,Thomas Partey,33,0,3,7.1
Atletico Madrid,2019/2020,Thomas Partey,46,4,1,7.2
Atletico Madrid,2018/2019,Thomas Partey,42,3,6,7.1
Atletico Madrid,2017/2018,Thomas Partey,50,5,1,7.2
Atletico Madrid,2016/2017,Thomas Partey,24,1,4,6.7
Arsenal,2023/2024,Declan Rice,51,7,9,7.6
West Ham,2022/2023,Declan Rice,50,5,4,7.5
West Ham,2021/2022,Declan Rice,50,5,4,7.6
West Ham,2020/2021,Declan Rice,35,2,1,7.1
West Ham,2019/2020,Declan Rice,40,1,3,6.9
West Ham,2018/2019,Declan Rice,38,2,1,6.9
West Ham,2017/2018,Declan Rice,31,0,0,6.3
Arsenal,2023/2024,Gabriel Jesus,36,8,8,7.1
Arsenal,2022/2023,Gabriel Jesus,33,11,7,7.3
Man City,2021/2022,Gabriel Jesus,41,13,11,7.4
Man City,2020/2021,Gabriel Jesus,42,14,4,7.2
Man City,2019/2020,Gabriel Jesus,53,23,11,7.3
Man City,2018/2019,Gabriel Jesus,47,21,7,7
Man City,2017/2018,Gabriel Jesus,42,17,3,7.1
Man City,2016/2017,Gabriel Jesus,11,7,5,8
Palmeiras,2015/2016,Gabriel Jesus,46,21,5,6.6
Palmeiras,2014/2015,Gabriel Jesus,37,7,4,6.5
Arsenal,2023/2024,Kai Havertz,51,14,7,7.1
Chelsea,2022/2023,Kai Havertz,47,9,1,6.9
Chelsea,2021/2022,Kai Havertz,47,14,5,7.1
Chelsea,2020/2021,Kai Havertz,45,9,6,6.9
Leverkusen,2019/2020,Kai Havertz,45,18,9,7.1
Leverkusen,2018/2019,Kai Havertz,42,20,6,7.4
Leverkusen,2017/2018,Kai Havertz,35,4,8,7
Leverkusen,2016/2017,Kai Havertz,28,4,5,6.7
Arsenal,2023/2024,Leandro Trossard,46,17,2,7
Arsenal,2022/2023,Leandro Trossard,22,1,10,7
Brighton,2021/2022,Leandro Trossard,35,8,3,7.1
Brighton,2020/2021,Leandro Trossard,38,5,5,6.8
Brighton,2019/2020,Leandro Trossard,31,5,3,6.5
Brighton,2018/2019,Leandro Trossard,47,22,10,7.5
Arsenal,2023/2024,Reiss Nelson,23,1,2,6.6
Arsenal,2022/2023,Reiss Nelson,18,3,3,7.1
Feyenoord,2021/2022,Reiss Nelson,32,4,7,7.3
Arsenal,2020/2021,Reiss Nelson,9,1,1,7
Arsenal,2019/2020,Reiss Nelson,22,3,3,6.6
Hoffenheim,2018/2019,Reiss Nelson,29,7,0,6.5
Arsenal,2017/2018,Reiss Nelson,16,0,0,7
SSC Napoli,2023/2024,Matteo Politano,48,9,8,7.1
SSC Napoli,2022/2023,Matteo Politano,37,4,4,7
SSC Napoli,2021/2022,Matteo Politano,39,5,6,6.8
SSC Napoli,2020/2021,Matteo Politano,50,12,4,6.9
SSC Napoli,2019/2020,Matteo Politano,20,2,2,6.6
Inter,2018/2019,Matteo Politano,48,6,7,7
Sassuolo,2017/2018,Matteo Politano,39,11,4,7
Sassuolo,2016/2017,Matteo Politano,42,8,6,6.9
SSC Napoli,2023/2024,Victor Osimhen,32,17,3,7.1
SSC Napoli,2022/2023,Victor Osimhen,39,31,4,7.6
SSC Napoli,2021/2022,Victor Osimhen,32,18,2,7.3
SSC Napoli,2020/2021,Victor Osimhen,30,10,3,6.9
Lille,2019/2020,Victor Osimhen,38,18,5,6.8
Sporting Charleroi,2018/2019,Victor Osimhen,36,20,4,7.1
Wolfsburg,2017/2018,Victor Osimhen,13,0,0,5.8
Wolfsburg,2016/2017,Victor Osimhen,3,0,0,5.9
SSC Napoli,2023/2024,Khvicha Kvaratskhelia,45,11,7,7.5
SSC Napoli,2022/2023,Khvicha Kvaratskhelia,43,14,14,7.6
Rubin,2021/2022,Khvicha Kvaratskhelia,22,2,4,7.3
Rubin,2020/2021,Khvicha Kvaratskhelia,23,4,4,7
Rubin,2019/2020,Khvicha Kvaratskhelia,28,3,2,6.6
Lokomotiv,2018/2019,Khvicha Kvaratskhelia,10,1,0,6.4
Roma,2023/2024,Chris Smalling,12,0,0,6.6
Roma,2022/2023,Chris Smalling,47,3,1,7
Roma,2021/2022,Chris Smalling,38,4,0,7
Roma,2020/2021,Chris Smalling,21,0,1,6.4
Roma,2019/2020,Chris Smalling,37,3,2,6.8
Man United,2018/2019,Chris Smalling,34,1,0,6.6
Man United,2017/2018,Chris Smalling,46,4,0,7.1
Man United,2016/2017,Chris Smalling,36,2,2,7
Man United,2015/2016,Chris Smalling,55,2,1,8.1
Roma,2023/2024,Leandro Paredes,49,5,7,7.4
Juventus,2022/2023,Leandro Paredes,35,1,1,6.9
PSG,2021/2022,Leandro Paredes,22,1,2,7.1
PSG,2020/2021,Leandro Paredes,36,1,3,7
PSG,2019/2020,Leandro Paredes,33,1,1,6.8
PSG,2018/2019,Leandro Paredes,22,0,2,7
Zenit,2017/2018,Leandro Paredes,39,6,8,7.7
Roma,2016/2017,Leandro Paredes,41,3,1,7.4
Roma,2023/2024,Paulo Dybala,39,16,10,7.4
Roma,2022/2023,Paulo Dybala,38,18,7,7.5
Juventus,2021/2022,Paulo Dybala,39,15,6,7.5
Juventus,2020/2021,Paulo Dybala,26,5,3,7.1
Juventus,2019/2020,Paulo Dybala,46,17,9,7.5
Juventus,2018/2019,Paulo Dybala,42,10,4,7.2
Juventus,2017/2018,Paulo Dybala,46,26,6,7.7
Juventus,2016/2017,Paulo Dybala,48,19,8,7.5
Lazio,2023/2024,Pedro Rodriguez,45,3,1,6.5
Lazio,2022/2023,Pedro Rodriguez,46,7,4,6.9
Lazio,2021/2022,Pedro Rodriguez,41,10,6,7.1
Roma,2020/2021,Pedro Rodriguez,40,6,4,7
Chelsea,2019/2020,Pedro Rodriguez,23,2,3,7
Chelsea,2018/2019,Pedro Rodriguez,52,13,5,7.2
Chelsea,2017/2018,Pedro Rodriguez,48,7,5,6.9
Chelsea,2016/2017,Pedro Rodriguez,43,13,11,7.6
Benfica,2023/2024,Nicolas Otamendi,51,4,2,7.4
Benfica,2022/2023,Nicolas Otamendi,46,2,1,7.5
Benfica,2021/2022,Nicolas Otamendi,43,0,1,7.3
Benfica,2020/2021,Nicolas Otamendi,38,1,0,6.9
Man City,2019/2020,Nicolas Otamendi,39,3,0,6.8
Man City,2018/2019,Nicolas Otamendi,33,1,1,7.3
Man City,2017/2018,Nicolas Otamendi,46,5,0,7.2
Man City,2016/2017,Nicolas Otamendi,43,1,1,7.6
Juventus,2023/2024,Adrien Rabiot,35,5,3,7.4
Juventus,2022/2023,Adrien Rabiot,48,11,5,7.4
Juventus,2021/2022,Adrien Rabiot,45,0,2,7.2
Juventus,2020/2021,Adrien Rabiot,47,5,3,7.2
Juventus,2019/2020,Adrien Rabiot,37,1,1,6.9
PSG,2018/2019,Adrien Rabiot,20,2,2,7.4
PSG,2017/2018,Adrien Rabiot,50,5,7,7.1
PSG,2016/2017,Adrien Rabiot,39,4,4,7.4
AC Milan,2023/2024,Theo Hernandez,47,5,11,7.4
AC Milan,2022/2023,Theo Hernandez,45,4,5,7.3
AC Milan,2021/2022,Theo Hernandez,41,5,9,7.6
AC Milan,2020/2021,Theo Hernandez,45,8,7,7.3
AC Milan,2019/2020,Theo Hernandez,36,7,3,7.3
Real Sociedad,2018/2019,Theo Hernandez,28,1,2,6.8
Real Madrid,2017/2018,Theo Hernandez,23,0,2,7.1
Deportivo Alaves,2016/1017,Theo Hernandez,38,2,3,7.1
AC Milan,2023/2024,Olivier Giroud,48,17,9,7
AC Milan,2022/2023,Olivier Giroud,47,18,7,7
AC Milan,2021/2022,Olivier Giroud,38,14,3,7.1
Chelsea,2020/2021,Olivier Giroud,31,11,0,6.7
Chelsea,2019/2020,Olivier Giroud,25,10,1,6.9
Chelsea,2018/2019,Olivier Giroud,45,13,9,6.9
Chelsea,2017/2018,Olivier Giroud,18,5,3,6.7
Inter,2023/2024,Marcus Thuram,46,15,7,7.3
M'gladbach,2022/2023,Marcus Thuram,32,16,7,7.3
M'gladbach,2021/2022,Marcus Thuram,23,3,0,6.7
M'gladbach,2020/2021,Marcus Thuram,40,11,5,6.9
M'gladbach,2019/2020,Marcus Thuram,39,14,8,7.1
Guingamp,2018/2019,Marcus Thuram,38,13,1,6.9
Guingamp,2017/2018,Marcus Thuram,34,4,1,6.7
Sochaux,2016/2017,Marcus Thuram,23,1,1,6
Brighton,2023/2024,Lewis Dunk,43,4,1,6.9
Brighton,2022/2023,Lewis Dunk,42,2,0,7.1
Brighton,2021/2022,Lewis Dunk,31,1,0,6.9
Brighton,2020/2021,Lewis Dunk,37,5,0,6.8
Brighton,2019/2020,Lewis Dunk,36,3,3,6.7
Brighton,2018/2019,Lewis Dunk,38,2,1,6.5
Brighton,2017/2018,Lewis Dunk,39,1,1,6.7
Brighton,2016/2017,Lewis Dunk,43,2,1,7.4
Aston Villa,2023/2024,Ezri Konsa,50,1,0,6.8
Aston Villa,2022/2023,Ezri Konsa,40,0,0,6.8
Aston Villa,2021/2022,Ezri Konsa,31,2,0,6.6
Aston Villa,2020/2021,Ezri Konsa,37,2,0,6.7
Aston Villa,2019/2020,Ezri Konsa,31,2,2,6.3
Aston Villa,2018/2019,Ezri Konsa,47,1,0,6.6
Crystal Palace,2023/2024,Marc Guehi,29,0,1,6.8
Crystal Palace,2022/2023,Marc Guehi,40,1,0,7
Crystal Palace,2021/2022,Marc Guehi,42,4,1,7.1
Swansea,2020/2021,Marc Guehi,45,0,0,6.9
Swansea,2019/2020,Marc Guehi,14,0,0,6.7
Crystal Palace,2023/2024,Eberechi Eze,31,11,6,7.6
Crystal Palace,2022/2023,Eberechi Eze,40,10,4,7.2
Crystal Palace,2021/2022,Eberechi Eze,17,1,1,6.9
Crystal Palace,2020/2021,Eberechi Eze,36,4,6,6.9
QPR,2019/2020,Eberechi Eze,48,14,8,7.3
QPR,2018/2019,Eberechi Eze,46,4,3,6.6
QPR,2017/2018,Eberechi Eze,17,2,0,6.7
Brentford,2023/2024,Ivan Toney,17,4,2,7.1
Brentford,2022/2023,Ivan Toney,35,21,5,7.4
Brentford,2021/2022,Ivan Toney,37,14,6,7.4
Brentford,2020/2021,Ivan Toney,52,33,10,7.4
Peterborough,2019/2020,Ivan Toney,39,26,6,7.6
Man United,2023/2024,Kobbie Mainoo,32,5,1,7
Man United,2022/2023,Kobbie Mainoo,3,0,0,6.3
Sevilla,2023/2024,Jesus Navas,36,0,2,6.8
Sevilla,2022/2023,Jesus Navas,49,0,4,6.9
Sevilla,2021/2022,Jesus Navas,33,0,3,7
Sevilla,2020/2021,Jesus Navas,43,0,6,7.1
Sevilla,2019/2020,Jesus Navas,47,0,10,7
Sevilla,2018/2019,Jesus Navas,44,2,7,7
Sevilla,2017/2018,Jesus Navas,44,3,2,6.7
Man City,2016/2017,Jesus Navas,36,0,3,6.8
Real Sociedad,2023/2024,Robin Le Normand,43,2,0,7
Real Sociedad,2022/2023,Robin Le Normand,41,0,0,6.9
Real Sociedad,2021/2022,Robin Le Normand,48,2,2,7
Real Sociedad,2020/2021,Robin Le Normand,43,0,1,6.7
Real Sociedad,2019/2020,Robin Le Normand,39,2,0,6.8
Real Sociedad,2018/2019,Robin Le Normand,7,0,2,6.6
Real Betis,2023/2024,Juan Miranda,32,2,2,7
Real Betis,2022/2023,Juan Miranda,31,3,5,7.2
Real Betis,2021/2022,Juan Miranda,23,1,2,7.1
Real Betis,2020/2021,Juan Miranda,25,2,2,6.8
Schalke 04,2019/2020,Juan Miranda,12,0,1,6
Barcelona,2018/2019,Juan Miranda,4,0,0,7.2
RB Leipzig,2023/2024,Dani Olmo,25,8,5,7.3
RB Leipzig,2022/2023,Dani Olmo,31,5,9,7.3
RB Leipzig,2021/2022,Dani Olmo,31,4,5,6.9
RB Leipzig,2020/2021,Dani Olmo,46,7,11,7.2
RB Leipzig,2019/2020,Dani Olmo,15,5,1,6.8
Dinamo Zagreb,2018/2019,Dani Olmo,44,12,3,7.8
PSG,2023/2024,Fabian Ruiz,35,3,7,7.4
PSG,2022/2023,Fabian Ruiz,37,3,3,7.2
SSC Napoli,2021/2022,Fabian Ruiz,38,7,5,7.4
SSC Napoli,2020/2021,Fabian Ruiz,42,4,1,7.2
SSC Napoli,2019/2020,Fabian Ruiz,46,4,6,7.2
SSC Napoli,2018/2019,Fabian Ruiz,40,7,4,7.4
Real Betis,2017/2018,Fabian Ruiz,35,3,6,7.4
Real Betis,2016/2017,Fabian Ruiz,5,0,0,6.4
Villarreal,2023/2024,Alex Baena,45,5,17,7.2
Villarreal,2022/2023,Alex Baena,48,12,3,7.1
Girona,2021/2022,Alex Baena,45,5,6,7
Villarreal,2020/2021,Alex Baena,20,2,3,6.8
Villarreal,2019/2020,Alex Baena,2,0,2,5.7
Real Madrid,2023/2024,Joselu,49,18,3,7
Espanyol,2022/2023,Joselu,38,17,3,7.2
Deportivo Alaves,2021/2022,Joselu,38,14,4,7.2
Deportivo Alaves,2020/2021,Joselu,38,11,3,7.2
Deportivo Alaves,2019/2020,Joselu,37,11,2,6.9
Newcastle,2018/2019,Joselu,20,3,1,6.3
Newcastle,2017/2018,Joselu,32,4,1,6.5
Deportivo La Coruna,2016/2017,Joselu,24,6,1,6.5
Athletic Club,2023/2024,Nico Williams,37,8,16,7.4
Athletic Club,2022/2023,Nico Williams,43,9,4,7.1
Athletic Club,2021/2022,Nico Williams,40,3,1,6.6
Athletic Club,2020/2021,Nico Williams,2,0,0,6.4
Real Sociedad,2023/2024,Mikel Oyarzabal ,44,14,3,6.9
Real Sociedad,2022/2023,Mikel Oyarzabal ,28,4,1,6.5
Real Sociedad,2021/2022,Mikel Oyarzabal ,33,15,4,7.2
Real Sociedad,2020/2021,Mikel Oyarzabal ,43,13,10,7.1
Real Sociedad,2019/2020,Mikel Oyarzabal ,45,13,13,7.1
Real Sociedad,2018/2019,Mikel Oyarzabal ,41,14,2,6.7
Real Sociedad,2017/2018,Mikel Oyarzabal ,43,14,6,7
Real Sociedad,2016/2017,Mikel Oyarzabal ,43,4,8,6.6
